[{"model": "routes.route", "pk": 1, "fields": {"user": 1, "title": "제주시 중심 3일 먹거리 투어", "description": "맛집·주전부리·펍 위주의 제주시 동선", "created_at": "2025-12-25T16:32:32.646Z"}}, {"model": "routes.route", "pk": 2, "fields": {"user": 2, "title": "동부·중문·한림 맛집 중심 3일", "description": "성산·서귀포 맛집과 중문·한림 해산물 먹방 여행", "created_at": "2025-12-25T16:37:01.069Z"}}, {"model": "routes.route", "pk": 3, "fields": {"user": 3, "title": "제주시·서귀포 맛집 위주 2일", "description": "제주시청·칠성로·서귀포 우동·빵 등 식도락 여행", "created_at": "2025-12-25T16:41:00.125Z"}}, {"model": "routes.route", "pk": 4, "fields": {"user": 4, "title": "제주시 애월·한림 맛집투어 3일", "description": "애월·한림 맛집과 해안도로 중심 식도락 여행", "created_at": "2025-12-25T16:44:05.841Z"}}, {"model": "routes.route", "pk": 5, "fields": {"user": 5, "title": "서귀포·제주시 문화·카페 2일", "description": "서귀포 흑돼지와 카페, 미술관 중심 힐링여행", "created_at": "2025-12-25T16:46:48.565Z"}}, {"model": "routes.routeday", "pk": 1, "fields": {"route": 1, "day": 1}}, {"model": "routes.routeday", "pk": 2, "fields": {"route": 1, "day": 2}}, {"model": "routes.routeday", "pk": 3, "fields": {"route": 1, "day": 3}}, {"model": "routes.routeday", "pk": 4, "fields": {"route": 2, "day": 1}}, {"model": "routes.routeday", "pk": 5, "fields": {"route": 2, "day": 2}}, {"model": "routes.routeday", "pk": 6, "fields": {"route": 2, "day": 3}}, {"model": "routes.routeday", "pk": 7, "fields": {"route": 3, "day": 1}}, {"model": "routes.routeday", "pk": 8, "fields": {"route": 3, "day": 2}}, {"model": "routes.routeday", "pk": 9, "fields": {"route": 4, "day": 1}}, {"model": "routes.routeday", "pk": 10, "fields": {"route": 4, "day": 2}}, {"model": "routes.routeday", "pk": 11, "fields": {"route": 4, "day": 3}}, {"model": "routes.routeday", "pk": 12, "fields": {"route": 5, "day": 1}}, {"model": "routes.routeday", "pk": 13, "fields": {"route": 5, "day": 2}}, {"model": "routes.routeplace", "pk": 1, "fields": {"route_day": 1, "order": 1, "name": "천둥소리", "address": "제주특별자치도 제주시 도남동 96-1", "latitude": 33.4892756, "longitude": 126.5296845, "memo": "", "photo_url": "https://lh3.googleusercontent.com/place-photos/AEkURDxy80DToGv9e2lTKHhzy2tqqW3dG8UYXP_gHoftID0MNzYQQZFQL22OkYjIapfZgw5rM1Hp9pRNzAb3OmwFJeJ65FAlgBQ46jQpCVCqqTEj1PBSSuetkBGCmljo10Q5Xyq4M2AS-801iX-zmA=s4800-w3264-h1554", "place_url": "http://place.map.kakao.com/10086092"}}, {"model": "routes.routeplace", "pk": 2, "fields": {"route_day": 1, "order": 2, "name": "노을리 펍&레스토랑", "address": "제주특별자치도 제주시 애월읍 애월해안로 656", "latitude": 33.4793867, "longitude": 126.3734158, "memo": "", "photo_url": "https://lh3.googleusercontent.com/places/ANXAkqG6nPFqubm4XWXxuROs2cQb5t7REkxbzgFDiFWgolhTtsz_I3FiPyVRsBP-CGBYGu3hZgq9xM16kXc12JHeWEBRId85emt4dAw=s4800-w1000-h1000", "place_url": "http://place.map.kakao.com/555530249"}}, {"model": "routes.routeplace", "pk": 3, "fields": {"route_day": 1, "order": 3, "name": "노라바", "address": "제주특별자치도 제주시 애월읍 구엄리 1254-1", "latitude": 33.4828742, "longitude": 126.3761595, "memo": "", "photo_url": "https://lh3.googleusercontent.com/place-photos/AEkURDyzJhRBRNdOGlCVKYF5ua48mho9z-iYrCLfhKkDQwv8LsnDS7K6-30seVX7OLFAqIxs07lVDxb4Va4nSe7RQuo7kyf7KJC2RcqiWrcUs2H_93sbXH2S5XddohXWrZZh1z2wu5wT2qVJ0ucIJA=s4800-w3024-h3024", "place_url": "http://place.map.kakao.com/26352466"}}, {"model": "routes.routeplace", "pk": 4, "fields": {"route_day": 1, "order": 4, "name": "배스킨라빈스 제주하귀점", "address": "제주특별자치도 제주시 애월읍 일주서로 7136", "latitude": 33.4845958, "longitude": 126.4115161, "memo": "", "photo_url": "https://lh3.googleusercontent.com/places/ANXAkqEyP6ZifJAD1AcVn4px_whL58ireEKlJ4uZHAZXHe7rxybOJAUrg_niTkAhRxxnwZnvJD7LJgpXkC3xCinyCx0RVp-S_EinCYc=s4800-w3024-h3024", "place_url": "http://place.map.kakao.com/1691052202"}}, {"model": "routes.routeplace", "pk": 5, "fields": {"route_day": 1, "order": 5, "name": "고기장", "address": "제주특별자치도 제주시 서해안로 442-9", "latitude": 33.5172979, "longitude": 126.4881024, "memo": "", "photo_url": "https://lh3.googleusercontent.com/place-photos/AEkURDyHY94kPLnfulq8lx4_le6GuVeyXTI6P8L7HKMGtoiz6vBQQl9yo0ABk4cW9JSbVDDhny-LIz3G_li-ZQp3Y8PesbQB3-Het8K1Tjb_VyJLYkDbXX4rO67XANBX0xwAzupmRkKi2Jv2tpyH7g=s4800-w4000-h3000", "place_url": "http://place.map.kakao.com/2117609179"}}, {"model": "routes.routeplace", "pk": 6, "fields": {"route_day": 2, "order": 1, "name": "성읍호떡", "address": "제주특별자치도 서귀포시 표선면 성읍리 676-3", "latitude": 33.3901197, "longitude": 126.8008839, "memo": "", "photo_url": "https://lh3.googleusercontent.com/place-photos/AEkURDwTHMUQzgRegMEp99vKCVLNyyP3XjssC6j8ekINIE69GMb3UOzWhCWjHczm4aV92FE6A672U7k1IPyAm5onT2TwX39-tHFa4vXVM5ZjBP9s1XV9_QwFi2BgONa5vyfgaSTs--RjUnEbis0O3A=s4800-w4608-h3456", "place_url": "http://place.map.kakao.com/1240693271"}}, {"model": "routes.routeplace", "pk": 7, "fields": {"route_day": 2, "order": 2, "name": "삼양장원", "address": "제주특별자치도 제주시 삼양이동 2186-1", "latitude": 33.5213651, "longitude": 126.5868004, "memo": "", "photo_url": "https://lh3.googleusercontent.com/place-photos/AEkURDx3VkCxy_PE7mGKexebhE1mj4OEzkCUVFUyNT3AjfjEy-HvQRId_pffiFOzCQQEZX7DchGjUnqwqUaZRJLYNE4HVkqyD-yHYs6QiQybKVjrdxvLfUCTzmbU_R2Djg9JCOtrYPysBO8OmrIa=s4800-w4000-h1868", "place_url": "http://place.map.kakao.com/10428390"}}, {"model": "routes.routeplace", "pk": 8, "fields": {"route_day": 2, "order": 3, "name": "동문올레수산", "address": "제주특별자치도 제주시 일도일동 1481-11", "latitude": 33.5119823, "longitude": 126.5268413, "memo": "", "photo_url": "https://lh3.googleusercontent.com/places/ANXAkqGu_IJSOLnseY1Wt6HpIAppqimbG8WlF52r4wafoYhphPdeUDryK_S-hPuoTOy9zvvEAARNNzqsYUmlfcDqEEDgpZ1ltazdCdM=s4800-w853-h1280", "place_url": "http://place.map.kakao.com/1994899330"}}, {"model": "routes.routeplace", "pk": 9, "fields": {"route_day": 3, "order": 1, "name": "섬나라오메기", "address": "제주특별자치도 제주시 용담삼동 1026-7", "latitude": 33.5163812, "longitude": 126.5022503, "memo": "", "photo_url": "https://lh3.googleusercontent.com/place-photos/AEkURDzVSJPKBSkwW1wp5ZaCwxYGlzJMPGB4O0zi6X7CIAKMEq7H3ONY_2EI4-J6eMWFQArl4znz2zVMKbVoiaxOmFhVPRoJoYUQYaFheOpNLLeAhIB0QPpEGdn3aqSFY-Wb32N2E_mvQvXy_0lzNws=s4800-w4032-h3024", "place_url": "http://place.map.kakao.com/26929653"}}, {"model": "routes.routeplace", "pk": 10, "fields": {"route_day": 4, "order": 1, "name": "영주산", "address": "제주특별자치도 서귀포시 표선면 성읍리 산 18-1", "latitude": 33.4041103, "longitude": 126.7961357, "memo": "", "photo_url": "https://lh3.googleusercontent.com/place-photos/AEkURDz1WD_DbU1nVwuj2KnQANLBiRaK4KRPdyaJzCNAKG6Zx_I9pFCf_Phq7lXyldPU4JS40nPuJ1YDPChkhuhYBro6KEWJ_QKg8rqRBxSnIUzv8WrE_duEaWV-ZLLlNh6gHTjRb6qn2y-iR5de=s4800-w4608-h3456", "place_url": "http://place.map.kakao.com/8018193"}}, {"model": "routes.routeplace", "pk": 11, "fields": {"route_day": 4, "order": 2, "name": "성읍호떡", "address": "제주특별자치도 서귀포시 표선면 성읍정의현로101번길 14-6", "latitude": 33.3905098, "longitude": 126.7999869, "memo": "", "photo_url": "https://lh3.googleusercontent.com/place-photos/AEkURDwTHMUQzgRegMEp99vKCVLNyyP3XjssC6j8ekINIE69GMb3UOzWhCWjHczm4aV92FE6A672U7k1IPyAm5onT2TwX39-tHFa4vXVM5ZjBP9s1XV9_QwFi2BgONa5vyfgaSTs--RjUnEbis0O3A=s4800-w4608-h3456", "place_url": "http://place.map.kakao.com/1240693271"}}, {"model": "routes.routeplace", "pk": 12, "fields": {"route_day": 5, "order": 1, "name": "봄날제주", "address": "제주특별자치도 서귀포시 성산읍 고성리 531", "latitude": 33.4383351, "longitude": 126.919314, "memo": "", "photo_url": "https://lh3.googleusercontent.com/places/ANXAkqGhaEONzJ8nIG0v-SdcL82I5cVlYQE8GjrCVcS9GS8Z7DptRfUIHTwUHrv-EprKhrTGULthlpnvNwRdT2WwZRWEIILTJub-JkI=s4800-w800-h534", "place_url": "http://place.map.kakao.com/839446926"}}, {"model": "routes.routeplace", "pk": 13, "fields": {"route_day": 5, "order": 2, "name": "푸짐한식당", "address": "제주특별자치도 서귀포시 성산읍 고성리 450-2", "latitude": 33.4398137, "longitude": 126.9190023, "memo": "", "photo_url": "https://lh3.googleusercontent.com/place-photos/AEkURDyjsm-EaxBdFyMwwzSPcMZBeilu1WVVFhsi_0-uzQzdybBVdwkwAjouGSmoo6aemEgDZjXY_wfLjBMdrYT8sqdb87ADZFKGjHSv3GVL5cBN5vrYX0iqMWPDRXKKrEjQ0t_kh1NFh6UIobXVEA=s4800-w4032-h2268", "place_url": "http://place.map.kakao.com/1369795104"}}, {"model": "routes.routeplace", "pk": 14, "fields": {"route_day": 5, "order": 3, "name": "광치기해변", "address": "제주특별자치도 서귀포시 성산읍 고성리 224-2", "latitude": 33.4523343, "longitude": 126.9237421, "memo": "", "photo_url": "https://lh3.googleusercontent.com/place-photos/AEkURDzZW-dful9KmuPDN57WQ2Y38kEUbIB06ucAmTFb1XYYgcdBy0uPMjDYvJZj8wGd6quIMdPEOErMAGISPDSKnL8iPM30PdLQRAqrLWrStqY7OzU3HRvTFxapNjX7go8OAzi9jVfoIINiIn4271w=s4800-w4000-h3000", "place_url": "http://place.map.kakao.com/13723499"}}, {"model": "routes.routeplace", "pk": 15, "fields": {"route_day": 5, "order": 4, "name": "성산일출봉 정상전망대", "address": "제주특별자치도 서귀포시 성산읍 성산리 78", "latitude": 33.4595765, "longitude": 126.9396257, "memo": "", "photo_url": "https://lh3.googleusercontent.com/place-photos/AEkURDyA3KlE92gqXr0fzl1ClM-rGkZTsNnuJ3Lo7hdjGgGmqM7r5oF_aa55LqrLW2wizh4rEAXvw60n5HXpl1tOZwiqNcg5ol87X_g-PUoFvhFNIVz9IE2cbM3mm2uRC7gvEukeKm8yzLCzyzfwEw=s4800-w4608-h3456", "place_url": "http://place.map.kakao.com/1762278118"}}, {"model": "routes.routeplace", "pk": 16, "fields": {"route_day": 5, "order": 5, "name": "성산일출봉 청운식당", "address": "제주특별자치도 서귀포시 성산읍 일출로 286", "latitude": 33.462974, "longitude": 126.9351195, "memo": "", "photo_url": "https://lh3.googleusercontent.com/places/ANXAkqEQCl4hGhI1qI1hjradclWXALTi8eiiGl32hpQCL5JkplyG7BrA1yOHgJsiAzVxPdEIbPZtzU5RjjllY-poYGegxFuMdt8BDNA=s4800-w4337-h2886", "place_url": "http://place.map.kakao.com/8577081"}}, {"model": "routes.routeplace", "pk": 17, "fields": {"route_day": 5, "order": 6, "name": "젊은어부", "address": "제주특별자치도 서귀포시 서귀동 694-5", "latitude": 33.2411292, "longitude": 126.5632474, "memo": "", "photo_url": "https://lh3.googleusercontent.com/places/ANXAkqFVDOL9BXPu9RGjmaohym0JpKPWIgY4_LkboibAk-AkxnYAZYo1QdOlWntgTJ40h2VvuZC1JASMRSm2AT3fUuhjDLd5eMpJVg=s4800-w3024-h4032", "place_url": "http://place.map.kakao.com/1162477627"}}, {"model": "routes.routeplace", "pk": 18, "fields": {"route_day": 5, "order": 7, "name": "속살", "address": "제주특별자치도 서귀포시 서귀동 699-14", "latitude": 33.2419949, "longitude": 126.5630998, "memo": "", "photo_url": "https://lh3.googleusercontent.com/place-photos/AEkURDyMJnwjDxMMIdNfFH98Le4PAWICfOVuLgFLpUiIrMsjhLn64flCQrxLA0KB35vdzPQvEYOwPUwWRM_wFsrTOiMZGT4Rh-lWa_2ttr39MUeLXFFYOgY5WwgjP6SGIWdmQUxV6BqHIgs32aXb8wMGYAH9=s4800-w4032-h1908", "place_url": "http://place.map.kakao.com/2106231672"}}, {"model": "routes.routeplace", "pk": 19, "fields": {"route_day": 5, "order": 8, "name": "삿뽀로우동집 본점", "address": "제주특별자치도 서귀포시 서귀동 961", "latitude": 33.2466566, "longitude": 126.5619953, "memo": "", "photo_url": "https://lh3.googleusercontent.com/place-photos/AEkURDyfQ6gCKUcmjVaVcPTSaXAAgb1NOEq3jw4r1JWsCi0fT4E8aSwlmjziW4_hLttgPSW5Uv7Nf4iFjoZ78sggfV8Bc8rj8VYkaduf2Y4OK-pZseSuiVWk-jjrsM9Eg5eQW-QpXIeCFmtwVc8png=s4800-w4000-h2252", "place_url": "http://place.map.kakao.com/224641784"}}, {"model": "routes.routeplace", "pk": 20, "fields": {"route_day": 5, "order": 9, "name": "제주약수터 본점", "address": "제주특별자치도 서귀포시 서귀동 336", "latitude": 33.2476631, "longitude": 126.5619252, "memo": "", "photo_url": "https://lh3.googleusercontent.com/places/ANXAkqFt3YA1pYOwoTent5COyxo1TTHT7fO5Jqs-pyo51Dis2qGvbA0znKCj-HfuCSCUGR_uTpBFrHIjOpmma23TzoTXfpmLSfGz6Q=s4800-w2700-h1800", "place_url": "http://place.map.kakao.com/1510813713"}}, {"model": "routes.routeplace", "pk": 21, "fields": {"route_day": 5, "order": 10, "name": "이중섭거리", "address": "제주특별자치도 서귀포시 이중섭로 12-1", "latitude": 33.2469981, "longitude": 126.5639825, "memo": "", "photo_url": "https://lh3.googleusercontent.com/place-photos/AEkURDy91jmTfreHgjO_IrKEZJBeKR7BKqja9_pB6HzrmVD6mv8wrQSPSaspGmV5HnPFYL1TxM_NmglPyuGsTBqKrdGESqP3sWIte0pPACSdROowairs2y8wVDk5Jg7zWvjllFPECrRS6FMiHEhAsw=s4800-w4032-h3024", "place_url": "http://place.map.kakao.com/8523750"}}, {"model": "routes.routeplace", "pk": 22, "fields": {"route_day": 6, "order": 1, "name": "어멍뚝배기", "address": "제주특별자치도 서귀포시 서귀동 721-2", "latitude": 33.2423131, "longitude": 126.5649457, "memo": "", "photo_url": "https://lh3.googleusercontent.com/place-photos/AEkURDzf-viYoXt-Yp1HIidUCIuDazaa6-BXv-EQu8zExuNSVFk6HtZYqkkmwvx9atkABi2vtp88ZzSitTpfY9tpgXyvw_-DhL7Qm0YkYZic8O5wHQQKuN3PJjb_MqGfv-1BtOH9rFwbGPiEZCpZr928mUXwVg=s4800-w4032-h3024", "place_url": "http://place.map.kakao.com/532586313"}}, {"model": "routes.routeplace", "pk": 23, "fields": {"route_day": 6, "order": 2, "name": "태평식당", "address": "제주특별자치도 서귀포시 서귀동 122-2", "latitude": 33.2460706, "longitude": 126.5684986, "memo": "", "photo_url": "https://lh3.googleusercontent.com/place-photos/AEkURDwUG4y2dmaaVxkmaOD6J4PeEmNakkxQIoTeZb6NXqGESjERhPl3Ya-Es7vw-OgLU8mRU5E23B9Pm3W1qQ1q7mEYVpJ4Wr02Mmr-foQF4nDY9-uXlI2utsvHtqbj83LweqpKogxqiQSR8TKWCZI=s4800-w4000-h3000", "place_url": "http://place.map.kakao.com/1282274558"}}, {"model": "routes.routeplace", "pk": 24, "fields": {"route_day": 6, "order": 3, "name": "허니문하우스", "address": "제주특별자치도 서귀포시 칠십리로 228-13", "latitude": 33.2445276, "longitude": 126.5790551, "memo": "", "photo_url": "https://lh3.googleusercontent.com/place-photos/AEkURDywsTWyOX97PADYI9l0X4L11UPtjqifErvwrmhDGv4YRM1tLs2gFguiSU0PnifMiR_koyfQ_Tr7pcUAgS7t_I4UB5lNF0B-Gymg8PwexoggqN91rWrloFR_fWnwf2lOrnl-QK8XSTz8Z4b0qBI=s4800-w4160-h2080", "place_url": "http://place.map.kakao.com/775734317"}}, {"model": "routes.routeplace", "pk": 25, "fields": {"route_day": 6, "order": 4, "name": "혼디가든", "address": "제주특별자치도 서귀포시 색달동 2544-2", "latitude": 33.2562209, "longitude": 126.411612, "memo": "", "photo_url": "https://lh3.googleusercontent.com/place-photos/AEkURDwtaU2iV6KJwlz5jXzqNyyF-FSBhpG0PMQD65XP7RHSotlTPguTtU9E9McS2S6vC-ZaIJH6h3doBM-AyCnQ5rvpjMJ3392E04NbVS4IARQ_I3sJfg8rosuU3u9ZgK-lwflULNOuoXv4UllYVA=s4800-w3000-h4000", "place_url": "http://place.map.kakao.com/2055317850"}}, {"model": "routes.routeplace", "pk": 26, "fields": {"route_day": 6, "order": 5, "name": "중문색달통갈치", "address": "제주특별자치도 서귀포시 색달동 2081-1", "latitude": 33.2589814, "longitude": 126.4045864, "memo": "", "photo_url": "https://lh3.googleusercontent.com/place-photos/AEkURDzmVryQNBE2bdPE140Xn4cYNmoOn26Rh-X-31_pCsoeTIRdWh4f5li4neMgXkn3EGTii7u51N8cH-_BC9PBYQ0VbgvFbeWdviN8fBrhQxCk0okzpz40GVS_DgLJNctrdjN9qYozAgh_YKxrOQ=s4800-w4000-h3000", "place_url": "http://place.map.kakao.com/1602465884"}}, {"model": "routes.routeplace", "pk": 27, "fields": {"route_day": 6, "order": 6, "name": "중문회어시장", "address": "제주특별자치도 서귀포시 색달동 2069-2", "latitude": 33.2591804, "longitude": 126.4043553, "memo": "", "photo_url": "https://lh3.googleusercontent.com/place-photos/AEkURDyGRMCmfM8UTj9VlaX9Nk40FywppNTxlrTQXRMRD5XCMP3tEyIjJs3vpuXzp-ZG-mJnM8EBP2_j-h6n6gMTNWH-91WVR0PhiRNXqqKcaZe7f14gKbLgNWnodwnn6PyqyDfcnjy0pZe5pwlZxA=s4800-w4000-h3000", "place_url": "http://place.map.kakao.com/92627199"}}, {"model": "routes.routeplace", "pk": 28, "fields": {"route_day": 6, "order": 7, "name": "육고깃집", "address": "제주특별자치도 제주시 한림읍 한림리 940-15", "latitude": 33.4112689, "longitude": 126.2644803, "memo": "", "photo_url": "https://lh3.googleusercontent.com/place-photos/AEkURDxXd61rVC-KX-v2c042Vbio1LrNWLpcwur8XAX96MgqsrqRHZAlhXgN08xJEU8tiGB0Ne0vat2E2ivVSy9jbeTJVdUrPtnnL8_C8n0T1yU4iSCPxq-qk1HNX7G8G42X9rAm1Gf4pBz79AfqfNc=s4800-w4032-h3024", "place_url": "http://place.map.kakao.com/27376570"}}, {"model": "routes.routeplace", "pk": 29, "fields": {"route_day": 6, "order": 8, "name": "이익새", "address": "제주특별자치도 제주시 한림읍 동명리 1576-4", "latitude": 33.4070708, "longitude": 126.2655013, "memo": "", "photo_url": "https://lh3.googleusercontent.com/place-photos/AEkURDyr0nw2lVFiGOe1lXJbFfjVH-nZDRz8NgAluASxYfTY5scqlW6uQFDABB5tZtVjS0E2UgrekmtzsrDGWyBoXu-sP7ethwstJ6jMsrhCCdvaGEnw0KdXW6cgGNTfRSKs4xF3YNpo6N9gpXgmlQ=s4800-w4032-h2268", "place_url": "http://place.map.kakao.com/628140316"}}, {"model": "routes.routeplace", "pk": 30, "fields": {"route_day": 7, "order": 1, "name": "반찬마트", "address": "제주특별자치도 제주시 이도이동 1026-18", "latitude": 33.49321266304774, "longitude": 126.53483571146988, "memo": "", "photo_url": "", "place_url": "http://place.map.kakao.com/1651888031"}}, {"model": "routes.routeplace", "pk": 31, "fields": {"route_day": 7, "order": 2, "name": "맥도날드 제주시청DT점", "address": "제주특별자치도 제주시 이도이동 1085-4", "latitude": 33.49549579652376, "longitude": 126.53295642984318, "memo": "", "photo_url": "https://lh3.googleusercontent.com/place-photos/AEkURDz7bK_odxlMCoQXSZlYASbZEvv85K8dzTABGAeJ7PcsSd_Wu0FmvhQCTqvxCXqfnBd-_FhWLjkzPzCwtB3_cSZ4m3s_c634HiXJmVmsmtj5vhb-5aR3SjEx6bTAVTEHVyWUTaHsPhWAd7MsWw=s4800-w4032-h3024", "place_url": "http://place.map.kakao.com/17593004"}}, {"model": "routes.routeplace", "pk": 32, "fields": {"route_day": 7, "order": 3, "name": "칠성로쇼핑거리", "address": "제주특별자치도 제주시 일도일동 1300-9", "latitude": 33.5149377919703, "longitude": 126.52548086916764, "memo": "", "photo_url": "https://lh3.googleusercontent.com/place-photos/AEkURDyBiixQr2Te8gJ9Ji5iTIOn7hMmLjp104ZfoRVS8NTTl91I3fkA_ZMT__TkETrsKMi3hbuLACybmOH_6jejgPKJ1zf7DTaMsQmCRO4flg8jt2rjOXJ-whJtf2lrJpm1MMZUSjodg_Q_som6dlA=s4800-w4032-h3024", "place_url": "http://place.map.kakao.com/26560624"}}, {"model": "routes.routeplace", "pk": 33, "fields": {"route_day": 7, "order": 4, "name": "용출횟집", "address": "제주특별자치도 제주시 용담삼동 505", "latitude": 33.516105396692645, "longitude": 126.50827955794912, "memo": "", "photo_url": "https://lh3.googleusercontent.com/place-photos/AEkURDxW4u98MkvSBp2kb1N_cO7gBaW6WjIPMd-26vW30uIDX36wm1X7uFlI8J_-eWsWK08_RifvPtPIRdkHnU5YJZs_XWetGrELaNNZJNzpflax0pd-az8dgE6DgpVKLtDvL-5QU0_Ky9Z-v4ys_A=s4800-w3000-h4000", "place_url": "http://place.map.kakao.com/8026532"}}, {"model": "routes.routeplace", "pk": 34, "fields": {"route_day": 7, "order": 5, "name": "스시우다", "address": "제주특별자치도 제주시 용담삼동 517-3", "latitude": 33.515632144213285, "longitude": 126.50580373163945, "memo": "", "photo_url": "https://lh3.googleusercontent.com/place-photos/AEkURDw1Ac9s6fhOHNI7pPqC7DrA67LOAq0Ev6z8673N6wnN5B9cHMjRqXeYFcCANiA615LoAXghGQqDK5RF7TBk-yi_al2_pdiRKPEpc3ktUSguWwsFbt4et1oYoB0qSWZJ1gLYjRQADZTbJRZnUw=s4800-w4800-h3600", "place_url": "http://place.map.kakao.com/27324231"}}, {"model": "routes.routeplace", "pk": 35, "fields": {"route_day": 7, "order": 6, "name": "제주기사정식뷔페", "address": "제주특별자치도 제주시 서광로2길 24", "latitude": 33.49787187650824, "longitude": 126.51605005997902, "memo": "", "photo_url": "https://lh3.googleusercontent.com/place-photos/AEkURDxjNfxqg4pUVboPEbeYtKT0p47Fij_jsXIbsDeBGK46U1y_RrM8PXBB0p_UWNute_iNofJBaDAFwOdqNVtH5AiExTBuU-YQLif2psCgs12aQdIWwFe3tnDA1Qcc-3z39zXcP9tUbXLs55lNIk0=s4800-w4032-h3024", "place_url": "http://place.map.kakao.com/9444164"}}, {"model": "routes.routeplace", "pk": 36, "fields": {"route_day": 7, "order": 7, "name": "제주삼다냉면 시청점", "address": "제주특별자치도 제주시 이도이동 1085-4", "latitude": 33.49482606525355, "longitude": 126.5333676691846, "memo": "", "photo_url": "", "place_url": "http://place.map.kakao.com/1915806748"}}, {"model": "routes.routeplace", "pk": 37, "fields": {"route_day": 7, "order": 8, "name": "BHC치킨 라마다제주시티홀점", "address": "제주특별자치도 제주시 이도이동 1085-4", "latitude": 33.49364743498281, "longitude": 126.53462655444844, "memo": "", "photo_url": "https://lh3.googleusercontent.com/place-photos/AEkURDzmO0EWItEXptnMr82V4BKyf3e9rnxsZvfl3n_wW3pUkH5zMayEjI98xgTBegbsjMlbaiq6wpgAzaH8PWA_hKYBTfy63-GG4gVjyegGafXURabL-zVGtwbTT0gMytbMTeBKuNYZAjF2_qvsog=s4800-w3000-h4000", "place_url": "http://place.map.kakao.com/2077466190"}}, {"model": "routes.routeplace", "pk": 38, "fields": {"route_day": 8, "order": 1, "name": "땡초김밥싱싱왕만두 이도점", "address": "제주특별자치도 제주시 이도이동 1085-4", "latitude": 33.49372493880595, "longitude": 126.53439449425012, "memo": "", "photo_url": "https://lh3.googleusercontent.com/place-photos/AEkURDwzyEU-C1n2AutlJog_Wl9Uq4CHxjNI4cVhUNhNXZVL0fUNlVOpNx1o3ATU2f57gB6bZgq4oMnvwtfwjY71YXSNfNhjxjn45ZjyHB2O9dEfa8SW2q5j7uefC08eeWAhI42K1UKs3W99Gry0jA=s4800-w4032-h3024", "place_url": "http://place.map.kakao.com/1895101081"}}, {"model": "routes.routeplace", "pk": 39, "fields": {"route_day": 8, "order": 2, "name": "낭푼이 닭한마리", "address": "제주특별자치도 제주시 이도이동 1938-1", "latitude": 33.49822942929278, "longitude": 126.53073133740496, "memo": "", "photo_url": "https://lh3.googleusercontent.com/place-photos/AEkURDxFepw48X_yEu3-PaQYLR0WR917QrRkX1u0mMVKjoiHVskTtU4spnVyLqDO0NIjY0j6rq3lw5SRYcmSTUGi_hWgzM4GZKn93s24EpLrLRjo1AoERZKLBdERpyuIgIrVOzohQFBHQzW8UjrOkMQ=s4800-w4656-h3492", "place_url": "http://place.map.kakao.com/11956882"}}, {"model": "routes.routeplace", "pk": 40, "fields": {"route_day": 8, "order": 3, "name": "정대", "address": "제주특별자치도 제주시 이도이동 1767-15", "latitude": 33.4984846580892, "longitude": 126.52975274152736, "memo": "", "photo_url": "https://lh3.googleusercontent.com/place-photos/AEkURDyE84RnDCTdedHP6tqcNu5OWD-a32ECGVnT-VIRrkHCEtLWgoHjRmP4qI7m0-PnbIdqzCJowlZZ-1BIN1noXNzrsAGSDdFxC7WuLphi8yFUgWQcudP11hp3voJ7kIn7yeTFn25ylsQaO2BYhcY=s4800-w1339-h1339", "place_url": "http://place.map.kakao.com/271067933"}}, {"model": "routes.routeplace", "pk": 41, "fields": {"route_day": 8, "order": 4, "name": "두끼 제주시청점", "address": "제주특별자치도 제주시 이도이동 1768-42", "latitude": 33.49933465905575, "longitude": 126.52984362697728, "memo": "", "photo_url": "https://lh3.googleusercontent.com/place-photos/AEkURDxgoQBikA8kYpT9PLB3-AkKz1_9A66eJZ1KbgQAtW7efU1D15IuKi4wACYe1EhhNtXKTTHqonJqSSy4X-NRS9QwhxDDuTkgWvTQsvZ99AI9s524JpJmCXxJSxy-QMJ2uRvcdvzPaxDueqRgpw=s4800-w3264-h2448", "place_url": "http://place.map.kakao.com/650597994"}}, {"model": "routes.routeplace", "pk": 42, "fields": {"route_day": 8, "order": 5, "name": "서귀포동경우동 본점", "address": "제주특별자치도 서귀포시 서홍동 441-39", "latitude": 33.25310394569865, "longitude": 126.56001738289896, "memo": "", "photo_url": "https://lh3.googleusercontent.com/place-photos/AEkURDyhY8yu9SQ4ftm8aTCQ30J7Rsi0YU3nralfDHO5HqG5IdQwbT9k613UNhBwFUOgwbAFWnGi3uASNrXn5OAjgOfGqSjmSl6iI9UcQnuy-YRPKI65RoNg3BQRRmrn5rRyIZZnIUkvfN4h5hzYBw=s4800-w3492-h3024", "place_url": "http://place.map.kakao.com/1832814992"}}, {"model": "routes.routeplace", "pk": 43, "fields": {"route_day": 8, "order": 6, "name": "버터롤드", "address": "제주특별자치도 서귀포시 월평동 549-4", "latitude": 33.242796596584625, "longitude": 126.46170032743224, "memo": "", "photo_url": "https://lh3.googleusercontent.com/place-photos/AEkURDyvv6VlNFOwrZ_I6sUu3VEaVOlpyZUVpePm9NfgpSRu6UfVzobBoGk-SBm71ELt4O3_LPfPBGCWm_5Q1WJKwB36CGN8wpdoNtD_LjIEJmzZB7p0aNU23Rs7MoEKmWMIgqVKyBvXyWBAwC4x3Q=s4800-w3024-h4032", "place_url": "http://place.map.kakao.com/1979966431"}}, {"model": "routes.routeplace", "pk": 44, "fields": {"route_day": 9, "order": 1, "name": "이디국수 애월본점", "address": "제주특별자치도 제주시 애월읍 하귀2리 1667-3", "latitude": 33.48310548252929, "longitude": 126.4028208898266, "memo": "", "photo_url": "https://lh3.googleusercontent.com/places/ANXAkqHfY1LugnshefvPFA-5UEsEg7MZ0SxmNZyxGjeKG89xKjw2KOiQkfZln_EJCJtHEes4WmVsPcdV31TSpst7gGPPA_at2Nnk3LM=s4800-w3744-h2496", "place_url": "http://place.map.kakao.com/1416614830"}}, {"model": "routes.routeplace", "pk": 45, "fields": {"route_day": 9, "order": 2, "name": "지구상회", "address": "제주특별자치도 제주시 애월읍 애월해안로 708", "latitude": 33.48363775172599, "longitude": 126.37731974137024, "memo": "", "photo_url": "https://lh3.googleusercontent.com/place-photos/AEkURDy667UZ4Ugc2ifzD1siWIfxgVT0NS2OuXLU5-K0MFFMxHch1R7n4-uyqEvWrXgmmbOKR-CeVAh0_dkGO3pL86_KDDwOlGcM0vS2iTx-SzY78Z8pIOwzRNdEAPAKQKjzJL4_Vgif3RsHD5z_NbqtlAH-Hw=s4800-w4032-h3024", "place_url": "http://place.map.kakao.com/273234135"}}, {"model": "routes.routeplace", "pk": 46, "fields": {"route_day": 9, "order": 3, "name": "글라 레스토랑", "address": "제주특별자치도 제주시 애월읍 구엄리 1292", "latitude": 33.48346839812709, "longitude": 126.37674098080906, "memo": "", "photo_url": "https://lh3.googleusercontent.com/place-photos/AEkURDxWikH2zUEh47rFyWIsqsS70XoYnHBV1TduS_KIadKxRzYJaXIvi1l4T3pbtLkhNRrEVO7ET9sKDtnALGQbiwYTUsMCN4I89AMdlE1vO7C8kMm9C0IVeLE2-ZLZtqkcxlUU1Ha-epXgT9vnwg=s4800-w4032-h3024", "place_url": "http://place.map.kakao.com/1738347752"}}, {"model": "routes.routeplace", "pk": 47, "fields": {"route_day": 9, "order": 4, "name": "드라마2015 글로벌푸드몰", "address": "제주특별자치도 제주시 애월읍 금성리 472-12", "latitude": 33.44842207058981, "longitude": 126.30133311326308, "memo": "", "photo_url": "https://lh3.googleusercontent.com/place-photos/AEkURDzwZmNTCmm3AeAVY30G076N0Y-a4azMkzr1jIrxBhhRAZZ6emzmJknglXr3tg-on3Ys29O0PwrAxqoFF6nOPN8HHKaUQKidUxPR_3oWSDZPB8NHcU8VvioCIV7d7U7mcBCuZzmDZXltdFZpnQ=s4800-w2992-h2992", "place_url": "http://place.map.kakao.com/745671903"}}, {"model": "routes.routeplace", "pk": 48, "fields": {"route_day": 9, "order": 5, "name": "애월해안도로", "address": "제주특별자치도 제주시 애월읍 신엄리 954-3", "latitude": 33.47825132152432, "longitude": 126.36933107667376, "memo": "", "photo_url": "https://lh3.googleusercontent.com/place-photos/AEkURDzkKihZc60roRv0V3FdtLSOmdZUS3ntgUMtlMwJCEJkqQPnvOsxAXV1ckOSfNkSZmL5CUsT5iwRiFSk3a_zZSH5BYz3YE0Vwr7xF6KhOOinH3jg2GH3oZMMsxvmTtkVrN3aMtU3ZEo9C_Ne_kA=s4800-w4608-h3456", "place_url": "http://place.map.kakao.com/11889968"}}, {"model": "routes.routeplace", "pk": 49, "fields": {"route_day": 9, "order": 6, "name": "돌빌레", "address": "제주특별자치도 제주시 애월읍 애월해안로 708", "latitude": 33.48338517996432, "longitude": 126.37712713484947, "memo": "", "photo_url": "https://lh3.googleusercontent.com/place-photos/AEkURDyAvOrragF6CXPNrTfBpJCgqjiK7iBpIjEWbr69BVOupqrvOSsae-yl0uM4bAkBr1V45_MrLeRRWSU-MToULO7Ej_CZuyvep4vfjHONLA5sQOB3ZGkbyIEAOzJwT5Ey4jO3euxSHQG8aXO6OQ=s4800-w4000-h3000", "place_url": "http://place.map.kakao.com/16632722"}}, {"model": "routes.routeplace", "pk": 50, "fields": {"route_day": 10, "order": 1, "name": "카멜리아힐 용소폭포", "address": "제주특별자치도 서귀포시 안덕면 병악로 166", "latitude": 33.28995555833651, "longitude": 126.36898528333252, "memo": "", "photo_url": "https://lh3.googleusercontent.com/place-photos/AEkURDwxZotlcPJQdKP42-AsL3pUs1Vle2HjjCLXJsJIa9_9rmhQcRwuV1iIhf0BxyZ7poSSbKEhs1kT6JK2P1AkyaM4KM2VkzhCDy3j-RKoxP8bWWineviC7s4bZkfOfT_OH--cL0sDCyv1W6V0xA=s4800-w4800-h2700", "place_url": "http://place.map.kakao.com/17580579"}}, {"model": "routes.routeplace", "pk": 51, "fields": {"route_day": 10, "order": 2, "name": "제주마지막회", "address": "제주특별자치도 제주시 한림읍 옹포리 359-2", "latitude": 33.405526050030026, "longitude": 126.25453635934888, "memo": "", "photo_url": "https://lh3.googleusercontent.com/place-photos/AEkURDxrVmX0CgIqwA-H4rw9VJZTbW7X4aLIeP4cHc9OKRv_ZfhzZC5OsK06VQzaFoncREWmT_gh8xbsV4t3UplAa5_gsvTue18Y8ndSWsfXU-6JM806hnsk9sqQeS2_-k4w3mislbZ-gJadywJXLlI=s4800-w3000-h4000", "place_url": "http://place.map.kakao.com/1903618116"}}, {"model": "routes.routeplace", "pk": 52, "fields": {"route_day": 10, "order": 3, "name": "플라잉애월", "address": "제주특별자치도 제주시 애월읍 구엄리 1291", "latitude": 33.48514747133457, "longitude": 126.38178697266872, "memo": "", "photo_url": "https://lh3.googleusercontent.com/place-photos/AEkURDwCKOj0sIfj72X0W3bFAKHA1NLi46_C3IiY0KIAU_TpP0B6lhz2dNN_gWXNLso1PhuMIYvTSdD0UpSm-Lyh1gH6Vz1YBWtb8EiUEnQjueJ9nes4cy3Xmab8MTuxVRqv_piyv6QKKJoOVB_j1s2x-YjU=s4800-w4000-h3000", "place_url": "http://place.map.kakao.com/1923601950"}}, {"model": "routes.routeplace", "pk": 53, "fields": {"route_day": 10, "order": 4, "name": "팔복만두", "address": "제주특별자치도 제주시 삼도이동 982-5", "latitude": 33.51313220618549, "longitude": 126.52124529976189, "memo": "", "photo_url": "https://lh3.googleusercontent.com/place-photos/AEkURDzsWkdrHUe7jNFpuileCzjbKYdTy98flr4OQr6uoHpZSejicjag5LB_ClF5mREsa9eI5ppQVZhMwVuT2Fw6Vr-mHgOdDdWhKxtN66-6byEkJ2cy9A4762725sRroW15afBQsW5RclpJWvktdA=s4800-w3024-h4032", "place_url": "http://place.map.kakao.com/313339968"}}, {"model": "routes.routeplace", "pk": 54, "fields": {"route_day": 11, "order": 1, "name": "올드캡 West 제주공항점", "address": "제주특별자치도 제주시 내도동 577-6", "latitude": 33.49422620007306, "longitude": 126.43680422903296, "memo": "", "photo_url": "https://lh3.googleusercontent.com/places/ANXAkqEsZ98ikuRUAesmEqvMC60H1gM68v627RneGNe6ZbIh71Ukq7xtSWTdHBiPxf99TM-TC0y2ZjyUk0-XLCjdooIEBHt-Z7xywCg=s4800-w4032-h3024", "place_url": "http://place.map.kakao.com/1145628568"}}, {"model": "routes.routeplace", "pk": 55, "fields": {"route_day": 11, "order": 2, "name": "용담해안도로", "address": "제주특별자치도 제주시 용담삼동 2580", "latitude": 33.51580881166059, "longitude": 126.50991859313856, "memo": "", "photo_url": "https://lh3.googleusercontent.com/place-photos/AEkURDyJi5oC1Cp7iNsIs1TlAno_BHzjmorrswQUwyS8JE50sgm0kagHNjVRup-x3xG9PvX0glozFVlQc8CuFsMQoPcS51r5-t5oEPRS78znbq_GqmVi6vx6My3Dn0WZrW3sdayK50vFLZfrMwZ1Q5A=s4800-w4032-h2268", "place_url": "http://place.map.kakao.com/8013248"}}, {"model": "routes.routeplace", "pk": 56, "fields": {"route_day": 11, "order": 3, "name": "대박국수", "address": "제주특별자치도 제주시 연동 303", "latitude": 33.48707894641282, "longitude": 126.49576548023656, "memo": "", "photo_url": "https://lh3.googleusercontent.com/place-photos/AEkURDw6nS2eh3nNgpU_9WgJbXN9hcZq1tDJyVLKe5aNAtmo3q3RrHKYn8WhJ4Sz7cYmgWez_tcIDEh4dxaLGNU244ISFNkwignJbDyapCqZnXhjETCDtH7DZKQgiHsXPL21g-qVSMADKzlwkl8Zgg=s4800-w4000-h3000", "place_url": "http://place.map.kakao.com/8293191"}}, {"model": "routes.routeplace", "pk": 57, "fields": {"route_day": 12, "order": 1, "name": "기운네흑돼지", "address": "제주특별자치도 서귀포시 서귀동 341", "latitude": 33.24969860684415, "longitude": 126.55947205209216, "memo": "", "photo_url": "https://lh3.googleusercontent.com/place-photos/AEkURDw11AHaPMZPhr30Uu5dY4XtJaUh5szhqrpQInNYVpXBidigZnK5-ZsM6Q3mFXksZPNv2sEZsli3E_WchlIeRfFhMbmNjbH8cX0f5nfKzYXFoTIJfYgechknMNtDNyk_3nTvoJ9TsZQZF5raow=s4800-w4032-h3024", "place_url": "http://place.map.kakao.com/20402606"}}, {"model": "routes.routeplace", "pk": 58, "fields": {"route_day": 12, "order": 2, "name": "루씨쏜아뜰리에", "address": "제주특별자치도 서귀포시 보목동 1637", "latitude": 33.24101039683403, "longitude": 126.59303746100848, "memo": "", "photo_url": "https://lh3.googleusercontent.com/place-photos/AEkURDzPvyB8WF_h-QSNh3pKL-5m-OT7dAHav1LLt5ZojhtLhr2xb_ZslSLKGNPvSLUpFa8tgZ3XEPd9lzVnhVua9GI6hihx8mrJZkI0wx57fzORzu0oIWGtcKmxgeKwZCwCJL7sb_sSyz1BJOA6NiE=s4800-w2000-h1500", "place_url": "http://place.map.kakao.com/338550535"}}, {"model": "routes.routeplace", "pk": 59, "fields": {"route_day": 12, "order": 3, "name": "소천지", "address": "제주특별자치도 서귀포시 보목동 1637", "latitude": 33.24160468418841, "longitude": 126.60214746036496, "memo": "", "photo_url": "https://lh3.googleusercontent.com/place-photos/AEkURDwGqjiQUN6v8TMAAzd10FurI6Ig8NBJMI-iZbNR4WrWraQfr1N7x9f03cAEoDpij09yzgFOxamKLGXElWHSTiCDe7N9q1A-kZj8AN7ViwMTVe1916IFpHWx7MZRknKJ1DIdQyzQI0Nat9GUkQ=s4800-w4032-h3024", "place_url": "http://place.map.kakao.com/797906766"}}, {"model": "routes.routeplace", "pk": 60, "fields": {"route_day": 13, "order": 1, "name": "이중섭미술관 창작스튜디오", "address": "제주특별자치도 서귀포시 서귀동 480-4", "latitude": 33.245300641430546, "longitude": 126.5642560787685, "memo": "", "photo_url": "https://lh3.googleusercontent.com/place-photos/AEkURDzUG-yEZMql4cDIh73uml78IpJdBTP7b4y8i2E24NJKffnuKzWH7EVehjHsYkUMdzRaVXnYxDjTtFOsRZWpIUyc6Q8g_qovj00J97vEhkC5FRRZJ2VUR3d3lAh-ra9piXPAFRMasELTF_-wabQ=s4800-w3460-h2080", "place_url": "http://place.map.kakao.com/25757959"}}, {"model": "routes.routeplace", "pk": 61, "fields": {"route_day": 13, "order": 2, "name": "루스트플레이스 아라점", "address": "제주특별자치도 제주시 아라일동 6092-10", "latitude": 33.473794204214094, "longitude": 126.54523478832704, "memo": "", "photo_url": "https://lh3.googleusercontent.com/place-photos/AEkURDyZ3Iu7MUR_s2-8Qwl54s6kGDA0XzzvpV4ISOrTnWjvpn2xbOtd_A217N39c4BAwB15dh0XMR99ORrcpxDgPbTIPw_A8-43iod8wsFXmGLL37jvZWGRZPSiDc4rE4JzuxBsgbNpH0L5R85Xwg=s4800-w4656-h2218", "place_url": "http://place.map.kakao.com/1290689506"}}]